,JSD,BC,Bhatt
Oryza alta,inf,0.38097105999275194,0.19721406600331629
